name,url
VAPE IT STORE II,https://jportal.mdcourts.gov/license/pbLicenseDetail.jsp?owi=8ceodqoWTEA%3D
VAPE IT STORE I,https://jportal.mdcourts.gov/license/pbLicenseDetail.jsp?owi=lF577kg%2BC2c%3D
VAPEPAD THE,https://jportal.mdcourts.gov/license/pbLicenseDetail.jsp?owi=TgHZadk9e1o%3D
VAPE FROG,
VAPE FROG,
VAPE LOFT THE,https://jportal.mdcourts.gov/license/pbLicenseDetail.jsp?owi=HGgBLuOlEyg%3D
VAPE N CIGAR,https://jportal.mdcourts.gov/license/pbLicenseDetail.jsp?owi=O%2FOJbRUTIDo%3D
VAPE DOJO,https://jportal.mdcourts.gov/license/pbLicenseDetail.jsp?owi=2d7%2BeQuP7o0%3D
VAPE HAVEN,
VAPORS LOUNGE,
VAPORFI SOUTHSIDE,https://jportal.mdcourts.gov/license/pbLicenseDetail.jsp?owi=VsVK1sErG98%3D
VAPE DO JO,https://jportal.mdcourts.gov/license/pbLicenseDetail.jsp?owi=Jus25OhBqN4%3D
VAPERTETMD,
VAPERTEKMD,https://jportal.mdcourts.gov/license/pbLicenseDetail.jsp?owi=bLr3aCQQeX0%3D
VAPORIOT,
VAPE PLUS,https://jportal.mdcourts.gov/license/pbLicenseDetail.jsp?owi=eSdaQpCYJ9w%3D
VAPE SOCIAL,https://jportal.mdcourts.gov/license/pbLicenseDetail.jsp?owi=wn7oyGfI1RU%3D
VAPE JUNGLE,https://jportal.mdcourts.gov/license/pbLicenseDetail.jsp?owi=oAEyV47ZHvY%3D
VAPE TIME,
VAPEBAR EXPESS,
VAPEWERKS,https://jportal.mdcourts.gov/license/pbLicenseDetail.jsp?owi=HYqIgu4xyGc%3D
VAPIST MD,https://jportal.mdcourts.gov/license/pbLicenseDetail.jsp?owi=23o0U%2B5gwR4%3D
VAPOR 99,
VAPOR ALLEY,https://jportal.mdcourts.gov/license/pbLicenseDetail.jsp?owi=pWgeZ4d1IHc%3D
VAPOR EMPORIUM,https://jportal.mdcourts.gov/license/pbLicenseDetail.jsp?owi=RdzpHEorhMQ%3D
VAPOR VILLA,https://jportal.mdcourts.gov/license/pbLicenseDetail.jsp?owi=zEUspWm0g4o%3D
VAPOR VILLA,https://jportal.mdcourts.gov/license/pbLicenseDetail.jsp?owi=YKPKb1S7eSI%3D
VAPORS LOUNGE,https://jportal.mdcourts.gov/license/pbLicenseDetail.jsp?owi=0RAN6TvcYOE%3D
VAPE DOJO,https://jportal.mdcourts.gov/license/pbLicenseDetail.jsp?owi=dqnZQ%2F5qz0M%3D
VAPE DOJO,https://jportal.mdcourts.gov/license/pbLicenseDetail.jsp?owi=qIajJNHZcjY%3D
VAPE DOJO,https://jportal.mdcourts.gov/license/pbLicenseDetail.jsp?owi=UMhGQGJNwaI%3D
VAPE DOJO,https://jportal.mdcourts.gov/license/pbLicenseDetail.jsp?owi=A4PZoHgxoKs%3D
VAPEZ YARDHOUSE,
VAPERS RING,https://jportal.mdcourts.gov/license/pbLicenseDetail.jsp?owi=RFYq2K9LYyw%3D
